<?xml version="1.0" encoding="UTF-8"?>
<APSC_Memento>
<host>
<properties>
<property key="propertySet.[cw.dbg.ct.targetConnLost].RetryConnectionOn" value="false"/>
<property key="propertySet.[cw.dbg.ct.bareboard].memConfigPath" value="${ProjDirPath}/Project_Settings/Debugger/MCF51JM128.mem"/>
<property key="propertySet.[cw.dbg.ct.bareboard].networkMACAddress" value="**-**-**-**-**-**"/>
<property key="propertySet.[cw.dbg.ct.bareboard].useNetworkMACAddress" value="false"/>
<property key="propertySet.[cw.dbg.ct.bareboard.ondemand].executePerProcessorReset" value="false"/>
<property key="propertySet.[cw.dbg.ct.bareboard.ondemand].networkNetMask" value="255.255.255.255"/>
<property key="propertySet.[cw.dbg.ct.bareboard].networkNetMask" value="255.255.255.255"/>
<property key="propertySet.[cw.ide.settingscache].hidden.HostID" value="com.freescale.cdt.debug.cw.core.ui.rse.systemtype.bareboard.hardware.110223200410-0500"/>
<property key="propertySet.[cw.dbg.ct.bareboard.ondemand].networkGateway" value="127.0.0.1"/>
<property key="propertySet.[cw.dbg.ct.targetConnLost].RetryTimeout" value="20"/>
<property key="propertySet.[cw.dbg.ct.bareboard].useNetworkUDPPort" value="false"/>
<property key="propertySet.[com.pemicro.mcu.debug.connections.pne.cfv1].com.pemicro.mcu.debug.connections.pne.cfv1.STARTUP_CyclonePro_PowerDownDelay" value="250"/>
<property key="propertySet.[cw.dbg.ct.bareboard].useMemoryConfigFile" value="true"/>
<property key="propertySet.[cw.dbg.ct.bareboard.ondemand].useNetworkGateway" value="false"/>
<property key="propertySet.[cw.dbg.ct.bareboard].enableSerialIOModelConfig" value="false"/>
<property key="propertySet.[cw.dbg.ct.bareboard.ondemand].runOutOfReset" value="false"/>
<property key="propertySet.[cw.dbg.ct.targetConnLost].retryPromptUserActionOn" value="true"/>
<property key="propertySet.[cw.dbg.ct.bareboard.ondemand].initPath" value=""/>
<property key="propertySet.[cw.dbg.ct.bareboard].networkUDPPort" value="1234"/>
<property key="propertySet.[cw.dbg.ct.bareboard.ondemand].executePerCoreReset" value="false"/>
<property key="propertySet.[cw.dbg.main].systemType" value="com.freescale.cw.system.coldfire.MCF51JM.MCF51JM128"/>
<property key="propertySet.[cw.dbg.ct.bareboard.ondemand].enableStopTransferIOModelConfig" value="true"/>
<property key="propertySet.[cw.dbg.ct.bareboard.ondemand].networkTargetAddress" value="127.0.0.1"/>
<property key="propertySet.[com.pemicro.mcu.debug.connections.pne.cfv1].com.pemicro.mcu.debug.connections.pne.cfv1.STARTUP_CyclonePro_PowerUpDelay" value="250"/>
<property key="host.promptable" value="false"/>
<property key="propertySet.[OptionalPropertySet].enableConnectorServicesPropertyPage" value="false"/>
<property key="propertySet.[com.pemicro.mcu.debug.connections.pne.cfv1].com.pemicro.mcu.debug.connections.pne.cfv1.STARTUP_USE_CYCLONEPRO_RELAYS" value="0"/>
<property key="propertySet.[cw.dbg.ct.bareboard].useInitFile" value="false"/>
<property key="host.type" value="com.freescale.cdt.debug.cw.core.ui.rse.systemtype.bareboard.hardware"/>
<property key="host.defaultUser" value="jdonelson"/>
<property key="propertySet.[cw.dbg.ct.bareboard.gdi].logData" value="false"/>
<property key="propertySet.[com.pemicro.mcu.debug.connections.pne.cfv1].com.pemicro.mcu.debug.connections.pne.cfv1.STARTUP_IP" value="COM1"/>
<property key="propertySet.[cw.dbg.ct.bareboard].executeReset" value="false"/>
<property key="host.address" value=""/>
<property key="propertySet.[com.pemicro.mcu.debug.connections.pne.cfv1].com.pemicro.mcu.debug.connections.pne.cfv1.STARTUP_interface_selection" value="3"/>
<property key="propertySet.[com.pemicro.mcu.debug.connections.pne.cfv1].com.pemicro.mcu.debug.connections.pne.cfv1.STARTUP_PORT" value="0"/>
<property key="propertySet.[cw.dbg.ct.bareboard.ondemand].networkMACAddress" value="**-**-**-**-**-**"/>
<property key="propertySet.[cw.dbg.ct.bareboard].useNetworkGateway" value="false"/>
<property key="propertySet.[com.pemicro.mcu.debug.connections.pne.cfv1].com.pemicro.mcu.debug.connections.pne.cfv1.STARTUP_CyclonePro_poweroffonexit" value="0"/>
<property key="propertySet.[cw.dbg.ct.bareboard].networkDebuggerAddress" value="127.0.0.1"/>
<property key="propertySet.[cw.dbg.ct].Connection Type" value="com.pemicro.mcu.debug.connections.pne.cfv1"/>
<property key="propertySet.[cw.dbg.ct.bareboard.ondemand].noIOModelConfig" value="false"/>
<property key="hidden.applicator.com.freescale.debugger.applicator.launchconfiguration.lc.ASM_EXAMPLE1_MCF51JM128_Internal_Flash_PnE U-MultiLink.proj.ASM_EXAMPLE1" value="com.freescale.debugger.applicator.launchconfiguration.lc.ASM_EXAMPLE1_MCF51JM128_Internal_Flash_PnE U-MultiLink.proj.ASM_EXAMPLE1"/>
<property key="propertySet.[cw.dbg.ct.bareboard.ondemand].useInitFile" value="false"/>
<property key="propertySet.[cw.dbg.ct.bareboard.ondemand].enableHSSTIOModelConfig" value="false"/>
<property key="propertySet.[cw.dbg.ct.bareboard.ondemand].useNetworkMACAddress" value="false"/>
<property key="propertySet.[cw.dbg.ct.bareboard.ondemand].enableNetworkIOModelConfig" value="false"/>
<property key="propertySet.[cw.dbg.ct.bareboard].enableStopTransferIOModelConfig" value="true"/>
<property key="propertySet.[cw.dbg.ct.bareboard.ondemand].useMemoryConfigFile" value="true"/>
<property key="host.defaultEncoding" value=""/>
<property key="propertySet.[cw.dbg.ct.bareboard.ondemand].networkUDPPort" value="1234"/>
<property key="propertySet.[cw.ide.settingscache].hidden.TimeStamp" value="1319386424373"/>
<property key="propertySet.[cw.dbg.ct.bareboard.ondemand].executeReset" value="true"/>
<property key="propertySet.[com.pemicro.mcu.debug.connections.pne.cfv1].com.pemicro.mcu.debug.connections.pne.cfv1.Library" value="cf_pne_gdi"/>
<property key="propertySet.[cw.dbg.ct.bareboard.ondemand].useNetworkUDPPort" value="false"/>
<property key="host.description" value="Generated from pre-RSE Launch Configuration"/>
<property key="propertySet.[cw.dbg.ct.bareboard].ethernetController" value="UEC1"/>
<property key="propertySet.[com.pemicro.mcu.debug.connections.pne.cfv1].com.pemicro.mcu.debug.connections.pne.cfv1.PORT_IP" value="COM1"/>
<property key="propertySet.[cw.dbg.ct.bareboard].initPath" value=""/>
<property key="propertySet.[cw.dbg.ct.targetConnLost].RetryWithTimeoutOn" value="false"/>
<property key="propertySet.[cw.dbg.ct.bareboard.ondemand].enableSerialIOModelConfig" value="false"/>
<property key="propertySet.[com.pemicro.mcu.debug.connections.pne.cfv1].com.freescale.cdt.debug.cw.core.settings.GdiConnection.Common.PhysicalConnectionAttributeBase" value="com.pemicro.mcu.debug.connections.pne.cfv1."/>
<property key="propertySet.[cw.dbg.ct.targetConnLost].TerminateConnectionOn" value="false"/>
<property key="propertySet.[cw.dbg.ct.bareboard].networkTargetAddress" value="127.0.0.1"/>
<property key="propertySet.[OptionalPropertySet].enableGenericHostPropertyPage" value="false"/>
<property key="propertySet.[cw.dbg.ct.bareboard.ondemand].networkDebuggerAddress" value="127.0.0.1"/>
<property key="propertySet.[cw.dbg.ct.bareboard].enableHSSTIOModelConfig" value="false"/>
<property key="propertySet.[com.pemicro.mcu.debug.connections.pne.cfv1].com.pemicro.mcu.debug.connections.pne.cfv1.STARTUP_CyclonePro_currentvoltage" value="255"/>
<property key="propertySet.[cw.dbg.ct.bareboard].noIOModelConfig" value="false"/>
<property key="propertySet.[cw.dbg.ct.bareboard.ondemand].ethernetController" value="UEC1"/>
<property key="propertySet.[cw.dbg.ct.bareboard].networkGateway" value="127.0.0.1"/>
<property key="host.name" value="ASM_EXAMPLE1_MCF51JM128_Internal_Flash_PnE U-MultiLink"/>
<property key="propertySet.[cw.dbg.ct.bareboard.ondemand].memConfigPath" value="${ProjDirPath}/Project_Settings/Debugger/MCF51JM128.mem"/>
<property key="propertySet.[cw.dbg.ct.bareboard].enableNetworkIOModelConfig" value="false"/>
<property key="propertySet.[cw.dbg.ct.bareboard].runOutOfReset" value="false"/>
</properties>
</host>
<host>
<properties>
<property key="propertySet.[cw.dbg.ct.targetConnLost].RetryConnectionOn" value="false"/>
<property key="propertySet.[cw.dbg.ct.bareboard].memConfigPath" value="${ProjDirPath}/Project_Settings/Debugger/MCF51JM128.mem"/>
<property key="propertySet.[cw.dbg.ct.bareboard].networkMACAddress" value="**-**-**-**-**-**"/>
<property key="propertySet.[cw.dbg.ct.bareboard].useNetworkMACAddress" value="false"/>
<property key="propertySet.[cw.dbg.ct.bareboard].networkNetMask" value="255.255.255.255"/>
<property key="propertySet.[cw.ide.settingscache].hidden.HostID" value="com.freescale.cdt.debug.cw.core.ui.rse.systemtype.bareboard.hardware.110223200410-0500.1"/>
<property key="propertySet.[cw.dbg.ct.targetConnLost].RetryTimeout" value="20"/>
<property key="propertySet.[cw.dbg.ct.bareboard].useNetworkUDPPort" value="false"/>
<property key="propertySet.[com.pemicro.mcu.debug.connections.pne.cfv1].com.pemicro.mcu.debug.connections.pne.cfv1.STARTUP_CyclonePro_PowerDownDelay" value="250"/>
<property key="propertySet.[cw.dbg.ct.bareboard].useMemoryConfigFile" value="true"/>
<property key="propertySet.[com.pemicro.mcu.debug.connections.pne.cfv1].com.pemicro.mcu.debug.connections.pne.cfv1.STARTUP_SPECIFY_IP" value="127.0.0.1"/>
<property key="propertySet.[cw.dbg.ct.bareboard].enableSerialIOModelConfig" value="false"/>
<property key="propertySet.[cw.dbg.ct.targetConnLost].retryPromptUserActionOn" value="true"/>
<property key="propertySet.[cw.dbg.ct.bareboard].networkUDPPort" value="1234"/>
<property key="propertySet.[cw.dbg.main].systemType" value="com.freescale.cw.system.coldfire.MCF51JM.MCF51JM128"/>
<property key="propertySet.[com.pemicro.mcu.debug.connections.pne.cfv1].com.pemicro.mcu.debug.connections.pne.cfv1.STARTUP_CyclonePro_PowerUpDelay" value="250"/>
<property key="host.promptable" value="false"/>
<property key="propertySet.[com.pemicro.mcu.debug.connections.pne.cfv1].com.pemicro.mcu.debug.connections.pne.cfv1.STARTUP_USE_CYCLONEPRO_RELAYS" value="1"/>
<property key="propertySet.[OptionalPropertySet].enableConnectorServicesPropertyPage" value="false"/>
<property key="propertySet.[cw.dbg.ct.bareboard].useInitFile" value="false"/>
<property key="host.type" value="com.freescale.cdt.debug.cw.core.ui.rse.systemtype.bareboard.hardware"/>
<property key="host.defaultUser" value="jdonelson"/>
<property key="propertySet.[cw.dbg.ct.bareboard.gdi].logData" value="false"/>
<property key="propertySet.[cw.dbg.ct.bareboard].executeReset" value="false"/>
<property key="propertySet.[com.pemicro.mcu.debug.connections.pne.cfv1].com.pemicro.mcu.debug.connections.pne.cfv1.STARTUP_SPECIFY_NETWORKCARD" value="127.0.0.1"/>
<property key="propertySet.[com.pemicro.mcu.debug.connections.pne.cfv1].com.pemicro.mcu.debug.connections.pne.cfv1.STARTUP_SPECIFY_IP_ENABLED" value="0"/>
<property key="host.address" value=""/>
<property key="propertySet.[com.pemicro.mcu.debug.connections.pne.cfv1].com.pemicro.mcu.debug.connections.pne.cfv1.STARTUP_interface_selection" value="3"/>
<property key="propertySet.[com.pemicro.mcu.debug.connections.pne.cfv1].com.pemicro.mcu.debug.connections.pne.cfv1.STARTUP_PORT" value="1"/>
<property key="propertySet.[cw.dbg.ct.bareboard].useNetworkGateway" value="false"/>
<property key="propertySet.[com.pemicro.mcu.debug.connections.pne.cfv1].com.pemicro.mcu.debug.connections.pne.cfv1.STARTUP_CyclonePro_poweroffonexit" value="1"/>
<property key="propertySet.[cw.dbg.ct.bareboard].networkDebuggerAddress" value="127.0.0.1"/>
<property key="propertySet.[cw.dbg.ct].Connection Type" value="com.pemicro.mcu.debug.connections.pne.cfv1"/>
<property key="hidden.applicator.com.freescale.debugger.applicator.launchconfiguration.lc.ASM_EXAMPLE1_PnE OSBDM.proj.ASM_EXAMPLE1" value="com.freescale.debugger.applicator.launchconfiguration.lc.ASM_EXAMPLE1_PnE OSBDM.proj.ASM_EXAMPLE1"/>
<property key="propertySet.[cw.dbg.ct.bareboard].enableStopTransferIOModelConfig" value="true"/>
<property key="propertySet.[com.pemicro.mcu.debug.connections.pne.cfv1].com.pemicro.mcu.debug.connections.pne.cfv1.UUID" value="148a5f90-0604-42d7-8076-98c26b252856"/>
<property key="host.defaultEncoding" value=""/>
<property key="propertySet.[cw.ide.settingscache].hidden.TimeStamp" value="1319386424378"/>
<property key="propertySet.[com.pemicro.mcu.debug.connections.pne.cfv1].com.pemicro.mcu.debug.connections.pne.cfv1.Library" value="cf_pne_gdi"/>
<property key="host.description" value="Generated from pre-RSE Launch Configuration"/>
<property key="propertySet.[com.pemicro.mcu.debug.connections.pne.cfv1].com.freescale.cdt.debug.cw.CW_SHADOWED_PREF.Embedded Initialization.simulator" value=""/>
<property key="propertySet.[cw.dbg.ct.bareboard].ethernetController" value="UEC1"/>
<property key="propertySet.[cw.dbg.ct.bareboard].initPath" value=""/>
<property key="propertySet.[cw.dbg.ct.targetConnLost].RetryWithTimeoutOn" value="false"/>
<property key="propertySet.[com.pemicro.mcu.debug.connections.pne.cfv1].com.freescale.cdt.debug.cw.core.settings.GdiConnection.Common.PhysicalConnectionAttributeBase" value="com.pemicro.mcu.debug.connections.pne.cfv1."/>
<property key="propertySet.[com.pemicro.mcu.debug.connections.pne.cfv1].com.pemicro.mcu.debug.connections.pne.cfv1.PEDEBUG_CURRENTDEVICE" value="MCF51JM128"/>
<property key="propertySet.[cw.dbg.ct.targetConnLost].TerminateConnectionOn" value="false"/>
<property key="propertySet.[com.pemicro.mcu.debug.connections.pne.cfv1].com.pemicro.mcu.debug.connections.pne.cfv1.CommandLineArgs" value=""/>
<property key="propertySet.[cw.dbg.ct.bareboard].networkTargetAddress" value="127.0.0.1"/>
<property key="propertySet.[OptionalPropertySet].enableGenericHostPropertyPage" value="false"/>
<property key="propertySet.[cw.dbg.ct.bareboard].enableHSSTIOModelConfig" value="false"/>
<property key="propertySet.[com.pemicro.mcu.debug.connections.pne.cfv1].com.freescale.cdt.debug.cw.core.settings.GdiConnection.Common.SimulatorConnectionAttributeBase" value=""/>
<property key="propertySet.[com.pemicro.mcu.debug.connections.pne.cfv1].com.pemicro.mcu.debug.connections.pne.cfv1.STARTUP_CyclonePro_currentvoltage" value="255"/>
<property key="propertySet.[cw.dbg.ct.bareboard].noIOModelConfig" value="false"/>
<property key="propertySet.[cw.dbg.ct.bareboard].networkGateway" value="127.0.0.1"/>
<property key="host.name" value="ASM_EXAMPLE1_MCF51JM128_Internal_Flash_PnE OSBDM"/>
<property key="propertySet.[com.pemicro.mcu.debug.connections.pne.cfv1].com.pemicro.mcu.debug.connections.pne.cfv1.STARTUP_SPECIFY_NETWORKCARD_ENABLED" value="0"/>
<property key="propertySet.[cw.dbg.ct.bareboard].enableNetworkIOModelConfig" value="false"/>
<property key="propertySet.[cw.dbg.ct.bareboard].runOutOfReset" value="false"/>
<property key="propertySet.[com.pemicro.mcu.debug.connections.pne.cfv1].com.pemicro.mcu.debug.connections.pne.cfv1.ConfigFile" value=""/>
</properties>
</host>
<host>
<properties>
<property key="propertySet.[cw.dbg.ct.targetConnLost].RetryConnectionOn" value="false"/>
<property key="propertySet.[cw.dbg.ct.bareboard].memConfigPath" value="${ProjDirPath}/Project_Settings/Debugger/MCF51JM128.mem"/>
<property key="propertySet.[cw.dbg.ct.bareboard].networkMACAddress" value="**-**-**-**-**-**"/>
<property key="propertySet.[cw.dbg.ct.bareboard].useNetworkMACAddress" value="false"/>
<property key="propertySet.[cw.dbg.ct.bareboard.ondemand].executePerProcessorReset" value="false"/>
<property key="propertySet.[cw.dbg.ct.bareboard.ondemand].networkNetMask" value="255.255.255.255"/>
<property key="propertySet.[net.sourceforge.usbdm.connections.usbdm.cfv1].net.sourceforge.usbdm.connections.usbdm.maskInterrupts" value="0"/>
<property key="propertySet.[cw.dbg.ct.bareboard].networkNetMask" value="255.255.255.255"/>
<property key="propertySet.[cw.ide.settingscache].hidden.HostID" value="com.freescale.cdt.debug.cw.core.ui.rse.systemtype.bareboard.hardware.110223200410-0500.2"/>
<property key="propertySet.[cw.dbg.ct.bareboard.ondemand].networkGateway" value="127.0.0.1"/>
<property key="hidden.applicator.com.freescale.debugger.applicator.launchconfiguration.lc.ASM_EXAMPLE1_MCF51JM128_Internal_Flash_USBDM.proj.ASM_EXAMPLE1" value="com.freescale.debugger.applicator.launchconfiguration.lc.ASM_EXAMPLE1_MCF51JM128_Internal_Flash_USBDM.proj.ASM_EXAMPLE1"/>
<property key="propertySet.[cw.dbg.ct.targetConnLost].RetryTimeout" value="20"/>
<property key="propertySet.[cw.dbg.ct.bareboard].useNetworkUDPPort" value="false"/>
<property key="propertySet.[cw.dbg.ct.bareboard].useMemoryConfigFile" value="true"/>
<property key="propertySet.[cw.dbg.ct.bareboard.ondemand].useNetworkGateway" value="false"/>
<property key="propertySet.[cw.dbg.ct.bareboard].enableSerialIOModelConfig" value="false"/>
<property key="propertySet.[cw.dbg.ct.bareboard.ondemand].runOutOfReset" value="false"/>
<property key="propertySet.[cw.dbg.ct.targetConnLost].retryPromptUserActionOn" value="true"/>
<property key="propertySet.[cw.dbg.ct.bareboard.ondemand].initPath" value=""/>
<property key="propertySet.[net.sourceforge.usbdm.connections.usbdm.cfv1].com.freescale.cdt.debug.cw.core.settings.GdiConnection.Common.PhysicalConnectionAttributeBase" value="net.sourceforge.usbdm.connections.usbdm."/>
<property key="propertySet.[cw.dbg.ct.bareboard].networkUDPPort" value="1234"/>
<property key="propertySet.[cw.dbg.ct.bareboard.ondemand].executePerCoreReset" value="false"/>
<property key="propertySet.[net.sourceforge.usbdm.connections.usbdm.cfv1].net.sourceforge.usbdm.connections.usbdm.useAltBDMClock" value="255"/>
<property key="propertySet.[net.sourceforge.usbdm.connections.usbdm.cfv1].net.sourceforge.usbdm.connections.usbdm.Library" value="usbdm-cfv1-gdi"/>
<property key="propertySet.[cw.dbg.main].systemType" value="com.freescale.cw.system.coldfire.MCF51JM.MCF51JM128"/>
<property key="propertySet.[cw.dbg.ct.bareboard.ondemand].enableStopTransferIOModelConfig" value="true"/>
<property key="propertySet.[cw.dbg.ct.bareboard.ondemand].networkTargetAddress" value="127.0.0.1"/>
<property key="host.promptable" value="false"/>
<property key="propertySet.[OptionalPropertySet].enableConnectorServicesPropertyPage" value="false"/>
<property key="propertySet.[cw.dbg.ct.bareboard].useInitFile" value="false"/>
<property key="host.type" value="com.freescale.cdt.debug.cw.core.ui.rse.systemtype.bareboard.hardware"/>
<property key="host.defaultUser" value="jdonelson"/>
<property key="propertySet.[net.sourceforge.usbdm.connections.usbdm.cfv1].net.sourceforge.usbdm.connections.usbdm.cycleTargetVddonConnect" value="0"/>
<property key="propertySet.[cw.dbg.ct.bareboard.gdi].logData" value="false"/>
<property key="propertySet.[cw.dbg.ct.bareboard].executeReset" value="false"/>
<property key="host.address" value=""/>
<property key="propertySet.[cw.dbg.ct.bareboard.ondemand].networkMACAddress" value="**-**-**-**-**-**"/>
<property key="propertySet.[cw.dbg.ct.bareboard].useNetworkGateway" value="false"/>
<property key="propertySet.[cw.dbg.ct.bareboard].networkDebuggerAddress" value="127.0.0.1"/>
<property key="propertySet.[net.sourceforge.usbdm.connections.usbdm.cfv1].net.sourceforge.usbdm.connections.usbdm.automaticReconnect" value="1"/>
<property key="propertySet.[cw.dbg.ct].Connection Type" value="net.sourceforge.usbdm.connections.usbdm.cfv1"/>
<property key="propertySet.[cw.dbg.ct.bareboard.ondemand].noIOModelConfig" value="false"/>
<property key="propertySet.[net.sourceforge.usbdm.connections.usbdm.cfv1].net.sourceforge.usbdm.connections.usbdm.leaveTargetPowered" value="0"/>
<property key="propertySet.[cw.dbg.ct.bareboard.ondemand].useInitFile" value="false"/>
<property key="propertySet.[cw.dbg.ct.bareboard.ondemand].enableHSSTIOModelConfig" value="false"/>
<property key="propertySet.[cw.dbg.ct.bareboard.ondemand].useNetworkMACAddress" value="false"/>
<property key="propertySet.[cw.dbg.ct.bareboard.ondemand].enableNetworkIOModelConfig" value="false"/>
<property key="propertySet.[cw.dbg.ct.bareboard].enableStopTransferIOModelConfig" value="true"/>
<property key="propertySet.[cw.dbg.ct.bareboard.ondemand].useMemoryConfigFile" value="true"/>
<property key="host.defaultEncoding" value=""/>
<property key="propertySet.[cw.dbg.ct.bareboard.ondemand].networkUDPPort" value="1234"/>
<property key="propertySet.[cw.ide.settingscache].hidden.TimeStamp" value="1319386424382"/>
<property key="propertySet.[cw.dbg.ct.bareboard.ondemand].executeReset" value="true"/>
<property key="propertySet.[cw.dbg.ct.bareboard.ondemand].useNetworkUDPPort" value="false"/>
<property key="host.description" value="Generated from pre-RSE Launch Configuration"/>
<property key="propertySet.[net.sourceforge.usbdm.connections.usbdm.cfv1].net.sourceforge.usbdm.connections.usbdm.useResetSignal" value="0"/>
<property key="propertySet.[net.sourceforge.usbdm.connections.usbdm.cfv1].net.sourceforge.usbdm.connections.usbdm.defaultBdmSerialNumber" value="Any connected USBDM"/>
<property key="propertySet.[net.sourceforge.usbdm.connections.usbdm.cfv1].net.sourceforge.usbdm.connections.usbdm.useDebugBuild" value="false"/>
<property key="propertySet.[cw.dbg.ct.bareboard].ethernetController" value="UEC1"/>
<property key="propertySet.[cw.dbg.ct.bareboard].initPath" value=""/>
<property key="propertySet.[cw.dbg.ct.targetConnLost].RetryWithTimeoutOn" value="false"/>
<property key="propertySet.[cw.dbg.ct.bareboard.ondemand].enableSerialIOModelConfig" value="false"/>
<property key="propertySet.[cw.dbg.ct.targetConnLost].TerminateConnectionOn" value="false"/>
<property key="propertySet.[cw.dbg.ct.bareboard].networkTargetAddress" value="127.0.0.1"/>
<property key="propertySet.[OptionalPropertySet].enableGenericHostPropertyPage" value="false"/>
<property key="propertySet.[cw.dbg.ct.bareboard.ondemand].networkDebuggerAddress" value="127.0.0.1"/>
<property key="propertySet.[cw.dbg.ct.bareboard].enableHSSTIOModelConfig" value="false"/>
<property key="propertySet.[net.sourceforge.usbdm.connections.usbdm.cfv1].net.sourceforge.usbdm.connections.usbdm.cycleTargetVddOnReset" value="0"/>
<property key="propertySet.[cw.dbg.ct.bareboard].noIOModelConfig" value="false"/>
<property key="propertySet.[cw.dbg.ct.bareboard.ondemand].ethernetController" value="UEC1"/>
<property key="propertySet.[cw.dbg.ct.bareboard].networkGateway" value="127.0.0.1"/>
<property key="host.name" value="ASM_EXAMPLE1_MCF51JM128_Internal_Flash_USBDM"/>
<property key="propertySet.[cw.dbg.ct.bareboard.ondemand].memConfigPath" value="${ProjDirPath}/Project_Settings/Debugger/MCF51JM128.mem"/>
<property key="propertySet.[cw.dbg.ct.bareboard].enableNetworkIOModelConfig" value="false"/>
<property key="propertySet.[net.sourceforge.usbdm.connections.usbdm.cfv1].net.sourceforge.usbdm.connections.usbdm.trimTargetClock" value="0"/>
<property key="propertySet.[net.sourceforge.usbdm.connections.usbdm.cfv1].net.sourceforge.usbdm.connections.usbdm.setTargetVdd" value="0"/>
<property key="propertySet.[cw.dbg.ct.bareboard].runOutOfReset" value="false"/>
</properties>
</host>
</APSC_Memento>